{
  "generated_at": "2026-03-17T08:47:24.834338+00:00",
  "config_path": "/Users/drewdo/Downloads/Varsity_Hackathon_2026/config.yaml",
  "sample_frac": 1.0,
  "rows": 590540,
  "metrics": {
    "roc_auc": 0.900588456137388,
    "pr_auc": 0.5007131722377514,
    "brier": 0.02379271081918891,
    "precision_block": 0.7703160270880361,
    "recall_block": 0.3358759842519685,
    "false_positive_rate_block": 0.0035687980077864683,
    "approve_fraud_rate": 0.00455179701152851,
    "thresholds": {
      "approve_threshold": 63,
      "block_threshold": 98
    },
    "confusion_matrix_block": {
      "tn": 113637,
      "fp": 407,
      "fn": 2699,
      "tp": 1365
    },
    "route_distribution": {
      "Approve": 73817,
      "Flag": 42519,
      "Block": 1772
    }
  },
  "training_summary": {
    "train_rows": 413378,
    "calib_rows": 59054,
    "valid_rows": 118108,
    "positive_rate_train": 0.03516878014795175,
    "positive_rate_valid": 0.034409184813899145,
    "model_names": [
      "lightgbm",
      "catboost"
    ]
  },
  "thresholds": {
    "approve_threshold": 63,
    "block_threshold": 98
  },
  "seed": 2026
}